{
  "cache": {
    "no_cache_time": 0.0002646446228027344,
    "with_cache_time": 0.0011286735534667969,
    "cache_hit_time": 0.0005435943603515625,
    "improvement": -105.40540540540539,
    "stats": {
      "total_items": 1000,
      "max_size": 1000,
      "memory_usage_kb": 45.576171875
    }
  },
  "pagination": {
    "page_size_results": {
      "10": {
        "duration": 5.9604644775390625e-06,
        "items_count": 10,
        "total_pages": 1000
      },
      "20": {
        "duration": 1.430511474609375e-06,
        "items_count": 20,
        "total_pages": 500
      },
      "50": {
        "duration": 4.100799560546875e-05,
        "items_count": 50,
        "total_pages": 200
      },
      "100": {
        "duration": 1.1920928955078125e-06,
        "items_count": 100,
        "total_pages": 100
      }
    },
    "large_page_time": 9.5367431640625e-07,
    "total_records": 10000
  },
  "data_processing": {
    "list_comp_time": 0.00177764892578125,
    "loop_time": 0.0017006397247314453,
    "map_time": 0.0021102428436279297,
    "fastest_method": "loop",
    "processed_count": 4949
  },
  "async": {
    "serial_time": 0.501807451248169,
    "parallel_time": 0.0504145622253418,
    "batch_time": 0.20092535018920898,
    "parallel_improvement": 89.95340501621821,
    "batch_improvement": 59.959671844362205
  }
}